sequence,timing_mode,sample,prove_identity_ms,verify_identity_ms,envelope_bytes,peak_rss_bytes
1,enabled,1,1425,39,1638446,2170617856
2,disabled,1,1355,41,1638446,2175418368
3,disabled,2,1376,40,1638446,2171731968
4,enabled,2,1389,39,1638446,2170093568
5,enabled,3,1387,68,1638446,2139242496
6,disabled,3,1385,39,1638446,2178662400
7,disabled,4,1348,75,1638446,2138669056
8,enabled,4,1362,39,1638446,2166669312
9,enabled,5,1353,38,1638446,2168586240
10,disabled,5,1368,39,1638446,2169208832
11,disabled,6,1356,40,1638446,2178187264
12,enabled,6,1404,40,1638446,2174631936
13,enabled,7,1385,39,1638446,2170748928
14,disabled,7,1410,41,1638446,2169454592
